{"iteration": 4, "mean": 176.60435485839844, "std": 39.46702194213867, "loss_list": [10227.3916015625, 10225.6142578125, 10224.326171875, 10222.603515625, 10220.8583984375], "epochs": 5, "batch": 64}