{"iteration": 120, "mean": 7.2047953605651855, "std": 4.849311828613281, "loss_list": [12896.40234375, 11442.09765625, 10091.3505859375, 8695.63671875, 7447.8388671875, 6386.2822265625, 5502.7607421875, 4665.96435546875, 4053.529296875, 3502.678466796875, 2949.44482421875, 2549.16259765625, 2206.6484375, 1868.98095703125, 1656.6630859375, 1329.475341796875, 1179.5999755859375, 994.4699096679688, 838.277587890625, 744.61474609375, 627.704345703125, 533.5903930664062, 438.3348388671875, 394.048583984375, 344.4090270996094, 277.24505615234375, 260.1277770996094, 200.09011840820312, 174.5799560546875, 159.75396728515625, 139.7421417236328, 126.62459564208984, 100.42924499511719, 102.4511947631836, 85.50826263427734, 83.49518585205078, 66.36485290527344, 60.75171661376953, 63.829490661621094, 51.48291015625, 49.16510772705078, 41.49043273925781, 39.57283401489258, 35.00633239746094, 41.50525665283203, 44.64994430541992, 31.988914489746094, 37.61955261230469, 39.33417510986328, 30.282634735107422, 30.501113891601562, 32.75450134277344, 35.65290451049805, 35.8899040222168, 27.561920166015625, 25.454082489013672, 25.967533111572266, 32.30375289916992, 23.157787322998047, 28.9364013671875, 35.58097457885742, 27.304195404052734, 22.709571838378906, 28.834285736083984, 31.18355369567871, 24.10595703125, 25.16792106628418, 27.33029556274414, 29.403059005737305, 37.195648193359375, 22.21540641784668, 26.721586227416992, 23.500324249267578, 28.489116668701172, 34.65076446533203, 28.296035766601562, 27.033985137939453, 27.854583740234375, 26.585622787475586, 27.040313720703125, 24.6475830078125, 27.032875061035156, 25.263103485107422, 31.919517517089844, 29.31684112548828, 32.1278190612793, 21.2696533203125, 26.818634033203125, 18.46285629272461, 29.100475311279297, 21.343257904052734, 30.254100799560547, 26.287763595581055, 32.81306076049805, 29.734649658203125, 32.64589309692383, 28.513912200927734, 33.86907958984375, 25.632076263427734, 31.460500717163086, 25.423625946044922, 32.526451110839844, 26.458778381347656, 23.310009002685547, 33.57788848876953, 31.44069480895996, 21.765670776367188, 25.00326919555664, 27.49146842956543, 28.60730743408203, 35.15333557128906, 26.406347274780273, 23.147220611572266, 32.4887809753418, 38.17836380004883, 35.33692932128906, 29.84322166442871, 26.34368133544922, 21.598936080932617, 32.868568420410156, 29.78333854675293, 27.93743896484375, 34.06124496459961, 24.232574462890625, 19.679540634155273, 32.067100524902344, 27.03460693359375, 22.859189987182617, 33.830162048339844, 24.542572021484375, 27.075820922851562, 21.581008911132812, 27.786949157714844, 31.371868133544922, 22.787227630615234, 33.597869873046875, 22.25161361694336, 25.568899154663086, 22.38861656188965, 28.981868743896484, 26.81765365600586, 27.655141830444336, 21.73226547241211, 25.580745697021484, 24.5078125, 32.73101043701172, 29.5308895111084, 37.229774475097656, 31.00277328491211, 25.016708374023438, 32.427711486816406, 23.583105087280273, 27.083526611328125, 32.40264129638672, 27.886091232299805, 22.83765983581543, 24.4940242767334, 25.779918670654297, 26.111923217773438, 26.1119441986084, 26.31215476989746, 28.93817710876465, 18.545913696289062, 19.056259155273438, 28.066295623779297, 38.99702835083008, 33.906593322753906, 27.738876342773438, 24.462665557861328, 18.925579071044922, 29.64473533630371, 23.309715270996094, 26.856678009033203, 27.38751220703125, 28.595149993896484, 25.03166961669922, 24.478775024414062, 31.455577850341797, 26.508594512939453, 31.136241912841797, 22.55312728881836, 26.64034080505371, 29.20241928100586, 24.594863891601562, 31.817462921142578, 29.283706665039062, 32.86092758178711, 29.6938533782959, 25.788333892822266, 20.39198875427246, 19.46969223022461, 27.6390438079834, 22.094547271728516, 28.643753051757812, 24.23158073425293, 31.07063865661621, 24.585678100585938, 22.8073787689209, 26.083349227905273, 20.94659423828125, 30.302961349487305, 25.888471603393555, 25.11611557006836, 24.095457077026367, 35.25156784057617, 23.59869956970215, 28.955795288085938, 39.13932418823242, 29.420583724975586, 20.955142974853516, 28.773971557617188, 27.39051628112793, 26.11270523071289, 27.656574249267578, 26.676374435424805, 25.36122703552246, 27.894147872924805, 38.08379364013672, 21.023151397705078, 32.47686767578125, 27.327125549316406, 30.214879989624023, 21.54560089111328, 31.738880157470703, 26.285940170288086, 29.11986541748047, 26.560461044311523, 31.536672592163086, 29.165319442749023, 30.201488494873047, 30.936111450195312, 24.219341278076172, 29.211151123046875, 31.72516441345215, 25.52608871459961, 32.703121185302734, 21.479846954345703, 22.805049896240234, 18.854782104492188, 36.88902282714844, 27.390655517578125, 31.155202865600586, 24.397151947021484, 24.220701217651367, 27.02191162109375, 28.763885498046875, 39.571990966796875, 27.746877670288086, 33.53170394897461, 26.887126922607422], "epochs": 1, "batch": 32}