{"iteration": 240, "mean": 7.454464435577393, "std": 4.979025363922119, "loss_list": [12954.982421875, 11519.578125, 10165.46484375, 8830.435546875, 7566.56396484375, 6372.20849609375, 5552.84521484375, 4698.7958984375, 4052.18896484375, 3482.43310546875, 2997.088623046875, 2557.90771484375, 2216.40869140625, 1876.64013671875, 1570.5618896484375, 1340.0477294921875, 1156.576171875, 1018.8472900390625, 873.97509765625, 732.025390625, 646.1314697265625, 534.6257934570312, 467.708740234375, 384.1661071777344, 344.19061279296875, 284.70855712890625, 239.55496215820312, 226.2688446044922, 193.7083740234375, 170.25323486328125, 146.23391723632812, 128.0628662109375, 97.69921875, 109.47505187988281, 78.56443786621094, 82.89391326904297, 74.84831237792969, 71.47136688232422, 63.40629577636719, 56.13215255737305, 43.74333190917969, 45.20461654663086, 48.3060417175293, 41.10173797607422, 46.45978927612305, 29.95037841796875, 34.79352569580078, 33.000205993652344, 44.35248947143555, 48.9842529296875, 42.97446823120117, 31.131092071533203, 33.692527770996094, 31.14194107055664, 36.26491928100586, 35.960548400878906, 27.589534759521484, 29.393001556396484, 35.324462890625, 30.953041076660156, 29.22585105895996, 27.924407958984375, 32.72513198852539, 33.885169982910156, 35.45594787597656, 32.55915069580078, 30.797096252441406, 27.7988338470459, 36.95180130004883, 32.21595764160156, 28.858840942382812, 29.226911544799805, 35.740631103515625, 42.305564880371094, 22.516042709350586, 31.97218894958496, 27.777328491210938, 29.543773651123047, 27.83083724975586, 39.034645080566406, 31.767284393310547, 34.377479553222656, 28.863584518432617, 32.83467102050781, 22.44972038269043, 23.593521118164062, 26.371047973632812, 35.50881576538086, 24.842620849609375, 33.939674377441406, 29.828319549560547, 32.06377410888672, 39.39958953857422, 27.853805541992188, 32.02283477783203, 15.968256950378418, 31.1928768157959, 26.319395065307617, 27.086673736572266, 25.39106559753418, 31.111364364624023, 29.987979888916016, 28.319807052612305, 33.05725860595703, 29.58089256286621, 26.645421981811523, 25.942794799804688, 31.42329978942871, 32.73731231689453, 29.295621871948242, 32.397743225097656, 24.517324447631836, 28.165700912475586, 30.839187622070312, 32.658607482910156, 21.433727264404297, 33.180824279785156, 24.297943115234375, 21.01095962524414, 31.12000274658203, 23.29913902282715, 24.05145835876465, 25.63602066040039, 32.29783630371094, 29.95680046081543, 30.994110107421875, 28.002904891967773, 29.9565486907959, 27.17293930053711, 26.17055320739746, 27.465938568115234, 26.5609188079834, 30.208110809326172, 27.321805953979492, 23.6530818939209, 23.06594467163086, 29.094907760620117, 23.006492614746094, 25.751522064208984, 35.561866760253906, 20.161357879638672, 20.147403717041016, 31.670276641845703, 30.989681243896484, 24.302474975585938, 33.2867431640625, 25.73419952392578, 22.30817222595215, 24.5578670501709, 28.4012508392334, 23.80160140991211, 28.453771591186523, 26.127056121826172, 26.447124481201172, 26.701129913330078, 27.68927001953125, 23.2451171875, 27.300214767456055, 23.073820114135742, 31.009777069091797, 33.58717346191406, 26.99553680419922, 24.09344482421875, 29.742626190185547, 30.51470184326172, 23.75250816345215, 23.926855087280273, 25.742874145507812, 29.52303695678711, 26.0908203125, 25.775043487548828, 29.42824363708496, 31.987106323242188, 41.709129333496094, 33.31196975708008, 21.04379653930664, 28.299301147460938, 25.94510269165039, 39.971588134765625, 24.382102966308594, 37.87785339355469, 28.1934814453125, 37.366920471191406, 26.005939483642578, 29.485198974609375, 31.291545867919922, 37.106651306152344, 27.81524658203125, 35.611812591552734, 32.69068908691406, 25.664472579956055, 22.404945373535156, 26.822790145874023, 26.271949768066406, 29.012371063232422, 30.782262802124023, 29.56171989440918, 18.503278732299805, 29.7900390625, 28.318126678466797, 37.16239547729492, 28.266876220703125, 34.11141586303711, 21.470603942871094, 25.955211639404297, 38.20795440673828, 28.519195556640625, 25.30298614501953, 28.607824325561523, 29.915937423706055, 36.45492172241211, 29.005109786987305, 31.5711669921875, 35.16914749145508, 26.241363525390625, 31.406890869140625, 28.68490219116211, 29.106334686279297, 37.649696350097656, 39.75507354736328, 40.30213928222656, 25.52923583984375, 31.206090927124023, 32.786415100097656, 32.33484649658203, 31.83935546875, 23.131338119506836, 36.14674758911133, 25.438573837280273, 29.94135284423828, 37.95220947265625, 29.711584091186523, 24.05065155029297, 21.8747615814209, 29.063156127929688, 20.207366943359375, 35.427913665771484, 39.15007019042969, 31.430706024169922, 28.587629318237305, 26.890621185302734, 35.20977783203125, 28.107040405273438, 25.58029556274414, 28.517745971679688, 23.910728454589844, 26.342769622802734, 21.626224517822266, 16.12381935119629, 27.910865783691406], "epochs": 1, "batch": 32}