{"iteration": 140, "mean": 7.428542613983154, "std": 4.960012912750244, "loss_list": [13190.328125, 12806.9404296875, 12603.7529296875, 12343.384765625, 12031.478515625, 11671.5810546875, 11428.2294921875, 11113.404296875, 11010.2333984375, 10594.33984375, 10435.841796875, 10057.0703125, 9813.013671875, 9650.798828125, 9390.41015625, 9018.005859375, 8777.4755859375, 8550.5234375, 8195.3349609375, 7939.91015625, 7755.02734375, 7426.40625, 7209.09130859375, 6697.244140625, 6509.91015625, 6135.36083984375, 5789.6552734375, 5588.015625, 5329.55078125, 5020.51171875, 4695.6318359375, 4400.5078125, 4149.4658203125, 3897.62744140625, 3599.59375, 3341.74072265625, 3165.71875, 2822.381591796875, 2686.6484375, 2517.67724609375, 2228.19873046875, 2141.671875, 2005.335693359375, 1864.296630859375, 1770.68212890625, 1565.908935546875, 1485.3343505859375, 1321.62939453125, 1259.2352294921875, 1147.376220703125, 1076.076416015625, 975.9093627929688, 908.9140014648438, 831.09375, 781.2003784179688, 766.6746826171875, 708.03564453125, 622.0294189453125, 558.87109375, 540.0357666015625, 477.47259521484375, 458.16058349609375, 414.72552490234375, 363.03094482421875, 324.3984680175781, 327.36016845703125, 299.77447509765625, 282.511474609375, 250.38583374023438, 231.347412109375, 216.15208435058594, 211.6051483154297, 183.3671875, 182.7361297607422, 181.75042724609375, 148.70132446289062, 143.86070251464844, 142.86749267578125, 132.42138671875, 109.18541717529297, 113.10145568847656, 90.51123046875, 96.58149719238281, 86.59447479248047, 95.63177490234375, 94.8416748046875, 69.13286590576172, 69.935546875, 71.17356872558594, 68.01657104492188, 67.73060607910156, 62.9544677734375, 55.95808029174805, 51.1334228515625, 46.71941375732422, 60.383140563964844, 51.72731018066406, 48.74925231933594, 43.558990478515625, 38.88402557373047, 42.878196716308594, 45.198570251464844, 34.93656539916992, 47.74482345581055, 33.753631591796875, 46.43543243408203, 32.51747131347656, 45.067073822021484, 28.75092124938965, 35.91140365600586, 33.89594268798828, 24.794857025146484, 36.89448165893555, 38.21236801147461, 27.44076156616211, 31.31060791015625, 31.614553451538086, 30.86141586303711, 32.83723449707031, 36.431724548339844, 30.69562339782715, 32.98834991455078, 30.907028198242188, 34.25038146972656, 29.996252059936523, 26.67656707763672, 35.098724365234375, 29.592748641967773, 32.580787658691406, 27.64272689819336, 22.97928237915039, 30.470806121826172, 32.77305603027344, 27.282224655151367, 30.724720001220703, 32.01053237915039, 28.834896087646484, 35.57866287231445, 31.579544067382812, 27.54962921142578, 32.06494140625, 31.95928955078125, 32.07263946533203, 21.94149398803711, 34.66423797607422, 27.490001678466797, 31.732025146484375, 29.245689392089844, 22.19195556640625, 35.77471160888672, 29.568349838256836, 25.725601196289062, 33.72838592529297, 37.079715728759766, 25.57782554626465, 29.143997192382812, 19.470439910888672, 26.150907516479492, 24.346860885620117, 32.453651428222656, 30.449180603027344, 29.824310302734375, 30.114242553710938, 29.6230525970459, 25.026668548583984, 31.784622192382812, 28.98085594177246, 27.24618148803711, 23.221534729003906, 28.6677303314209, 27.658613204956055, 29.44363784790039, 24.311893463134766, 26.528560638427734, 27.35072898864746, 25.10378646850586, 28.671470642089844, 25.478248596191406, 27.050174713134766, 27.83545684814453, 25.313404083251953, 38.557090759277344, 26.590526580810547, 25.530189514160156, 23.616310119628906, 25.233623504638672, 28.150671005249023, 30.04869842529297, 29.30224609375, 31.149471282958984, 25.982498168945312, 34.7230339050293, 30.985271453857422, 31.04964828491211, 31.301860809326172, 39.7532958984375, 27.839414596557617, 30.217458724975586, 34.329158782958984, 40.2232551574707, 31.173208236694336, 30.161792755126953, 23.864864349365234, 32.642234802246094, 28.94198989868164, 28.03054428100586, 24.70443344116211, 23.908496856689453, 26.57747459411621, 27.38094139099121, 24.52212142944336, 29.00719451904297, 18.03710174560547, 26.008148193359375, 42.365657806396484, 28.533788681030273, 26.900745391845703, 30.528432846069336, 22.055410385131836, 29.389751434326172, 30.5601863861084, 27.1400146484375, 28.77044677734375, 33.49706268310547, 27.308897018432617, 27.45745086669922, 22.86153221130371, 29.672080993652344, 23.164587020874023, 23.494815826416016, 25.935224533081055, 31.712379455566406, 25.34798812866211, 30.286144256591797, 27.870351791381836, 34.3279914855957, 29.025615692138672, 23.12183380126953, 31.168447494506836, 20.308778762817383, 29.642539978027344, 27.187620162963867, 23.67123031616211, 25.967199325561523, 28.36798095703125, 24.576732635498047, 26.47724723815918, 26.228971481323242, 25.778234481811523, 33.31136703491211], "epochs": 1, "batch": 32}