{"iteration": 120, "mean": 7.464601039886475, "std": 5.030596733093262, "loss_list": [12926.1826171875, 11575.693359375, 10012.57421875, 8719.33984375, 7571.26171875, 6489.6572265625, 5567.60302734375, 4711.912109375, 4061.95654296875, 3482.3427734375, 2992.910888671875, 2545.90185546875, 2219.062744140625, 1863.699951171875, 1558.3294677734375, 1346.628662109375, 1167.2904052734375, 963.2743530273438, 874.3244018554688, 748.38232421875, 656.1578369140625, 526.6364135742188, 473.54119873046875, 399.370849609375, 357.337158203125, 268.4944763183594, 230.6934051513672, 214.2852020263672, 195.58543395996094, 159.2993621826172, 145.8179931640625, 133.6822509765625, 95.96867370605469, 102.24214935302734, 96.7531967163086, 77.061767578125, 74.50344848632812, 67.70284271240234, 67.53958129882812, 59.422279357910156, 44.73739242553711, 43.59529113769531, 50.519981384277344, 44.9097900390625, 48.76626205444336, 32.495208740234375, 33.005958557128906, 38.71519470214844, 39.19091033935547, 38.215118408203125, 39.994483947753906, 43.0726318359375, 30.652156829833984, 33.551700592041016, 37.47560501098633, 31.3753662109375, 33.97344207763672, 31.004209518432617, 28.403348922729492, 34.51622009277344, 35.94331359863281, 31.694896697998047, 35.82146453857422, 30.647838592529297, 31.71009063720703, 29.881500244140625, 38.62977600097656, 24.55299949645996, 33.271575927734375, 34.791542053222656, 28.867965698242188, 29.939208984375, 38.35490036010742, 40.21453094482422, 32.764923095703125, 28.63117027282715, 32.24015426635742, 24.979476928710938, 32.815921783447266, 41.92375946044922, 28.203588485717773, 28.250019073486328, 33.49775695800781, 45.523834228515625, 23.8682861328125, 32.72966003417969, 26.03566551208496, 36.59770202636719, 30.233203887939453, 32.799781799316406, 31.40185546875, 36.88032531738281, 32.223724365234375, 28.720458984375, 29.681102752685547, 28.05914306640625, 30.016075134277344, 29.867664337158203, 38.28855895996094, 25.066890716552734, 28.762556076049805, 31.503585815429688, 32.18705749511719, 35.93470001220703, 33.364410400390625, 29.33905029296875, 34.08226776123047, 32.37297058105469, 30.607725143432617, 30.67029571533203, 30.71603012084961, 26.645679473876953, 34.33080291748047, 31.611507415771484, 34.733970642089844, 32.19073486328125, 33.62046813964844, 29.35774803161621, 27.609106063842773, 43.216209411621094, 28.838512420654297, 25.088537216186523, 30.392955780029297, 33.983299255371094, 25.047245025634766, 30.578861236572266, 26.571746826171875, 24.927114486694336, 31.755786895751953, 23.029155731201172, 28.915571212768555, 28.6971492767334, 26.7502498626709, 32.1082763671875, 17.731937408447266, 29.395923614501953, 33.23220443725586, 29.53201675415039, 32.66815185546875, 37.56226348876953, 28.24579620361328, 23.94628143310547, 34.42181396484375, 30.135173797607422, 22.97878074645996, 36.8444938659668, 26.207870483398438, 29.925430297851562, 27.55707359313965, 30.928985595703125, 34.1728515625, 23.971715927124023, 30.23226547241211, 27.961599349975586, 32.871337890625, 35.23735046386719, 24.82491683959961, 31.167491912841797, 30.815086364746094, 26.029468536376953, 26.371971130371094, 35.2313232421875, 24.19802474975586, 26.850772857666016, 32.8764533996582, 30.880489349365234, 27.2508544921875, 33.98569869995117, 33.88809585571289, 23.40393829345703, 28.719823837280273, 25.036293029785156, 35.43252182006836, 38.21479034423828, 33.2575569152832, 29.985641479492188, 25.80438804626465, 30.028820037841797, 44.46622848510742, 25.688945770263672, 31.663028717041016, 26.089553833007812, 36.2855339050293, 19.097610473632812, 31.19392204284668, 34.99957275390625, 45.1341552734375, 23.732646942138672, 27.38629913330078, 43.95975875854492, 32.63877868652344, 26.859901428222656, 27.262054443359375, 25.200164794921875, 31.34528350830078, 27.70088768005371, 35.83158874511719, 23.60475730895996, 29.950942993164062, 28.21240997314453, 33.12335205078125, 27.269989013671875, 33.81036376953125, 21.916240692138672, 31.326126098632812, 26.395626068115234, 24.982425689697266, 27.258304595947266, 34.97258758544922, 31.535175323486328, 31.9718074798584, 31.99652671813965, 25.718517303466797, 34.24989318847656, 23.193899154663086, 26.055273056030273, 29.387767791748047, 36.160125732421875, 33.343231201171875, 42.05872344970703, 47.55253601074219, 28.205116271972656, 31.24090576171875, 31.735565185546875, 34.40238571166992, 31.006866455078125, 28.851421356201172, 42.97972869873047, 30.05702781677246, 29.350589752197266, 26.336227416992188, 34.59510803222656, 32.61650466918945, 27.376110076904297, 24.107635498046875, 27.607284545898438, 33.29692840576172, 37.579498291015625, 28.981008529663086, 30.47420310974121, 36.30461883544922, 42.71446228027344, 32.45799255371094, 23.68457794189453, 31.01507568359375, 35.05702209472656, 32.60747528076172, 28.459407806396484, 18.75979995727539, 34.84996032714844], "epochs": 1, "batch": 32}